q,block_size,radius,num_encodings,average_list_size_no_zero,average_list_size_with_zero,expected_list_size,sample_size
3,3,0,0,8.0,8.0,8.0,10
3,3,0,1,2.962962962962963,2.962962962962963,2.6666666666666665,10
3,3,0,2,1.3559322033898304,1.2903225806451613,0.8888888888888888,10
3,3,0,3,1.0,0.8080808080808081,0.2962962962962963,10
3,3,1,0,20.0,20.0,20.0,10
3,3,1,1,6.666666666666666,6.666666666666666,6.666666666666667,10
3,3,1,2,2.3255813953488373,2.3255813953488373,2.2222222222222223,10
3,3,1,3,1.0,0.966183574879227,0.7407407407407407,10
3,3,2,0,26.0,26.0,26.0,10
3,3,2,1,8.666666666666666,8.666666666666666,8.666666666666666,10
3,3,2,2,2.888888888888889,2.888888888888889,2.888888888888889,10
3,3,2,3,1.0,0.9961685823754789,0.9629629629629629,10
3,3,3,0,27.0,27.0,27.0,10
3,3,3,1,9.0,9.0,9.0,10
3,3,3,2,3.0,3.0,3.0,10
3,3,3,3,1.0,1.0,1.0,10
3,4,0,0,16.0,16.0,16.0,10
3,4,0,1,5.517241379310344,5.517241379310344,5.333333333333333,10
3,4,0,2,2.051282051282051,2.051282051282051,1.7777777777777777,10
3,4,0,3,1.1851851851851851,1.0810810810810811,0.5925925925925926,10
3,4,0,4,1.0,0.7111111111111111,0.19753086419753085,10
3,4,1,0,48.0,48.0,48.0,10
3,4,1,1,16.0,16.0,16.0,10
3,4,1,2,5.333333333333333,5.333333333333333,5.333333333333333,10
3,4,1,3,1.9047619047619049,1.9047619047619049,1.7777777777777777,10
3,4,1,4,1.0,0.935672514619883,0.5925925925925926,10
3,4,2,0,72.0,72.0,72.0,10
3,4,2,1,23.999999999999996,23.999999999999996,24.0,10
3,4,2,2,7.999999999999999,7.999999999999999,8.0,10
3,4,2,3,2.6765799256505574,2.6765799256505574,2.6666666666666665,10
3,4,2,4,1.0,0.9876543209876543,0.8888888888888888,10
3,4,3,0,80.0,80.0,80.0,10
3,4,3,1,26.666666666666664,26.666666666666664,26.666666666666668,10
3,4,3,2,8.88888888888889,8.88888888888889,8.88888888888889,10
3,4,3,3,2.962962962962963,2.962962962962963,2.962962962962963,10
3,4,3,4,1.0,0.9987515605493134,0.9876543209876543,10
3,4,4,0,81.0,81.0,81.0,10
3,4,4,1,27.0,27.0,27.0,10
3,4,4,2,9.0,9.0,9.0,10
3,4,4,3,3.0,3.0,3.0,10
3,4,4,4,1.0,1.0,1.0,10
3,5,0,0,32.0,32.0,32.0,10
3,5,0,1,10.666666666666666,10.666666666666666,10.666666666666666,10
3,5,0,2,3.7209302325581395,3.7209302325581395,3.5555555555555554,10
3,5,0,3,1.553398058252427,1.5094339622641508,1.1851851851851851,10
3,5,0,4,1.1764705882352942,0.9846153846153847,0.3950617283950617,10
3,5,0,5,1.0,0.6026365348399246,0.13168724279835392,10
3,5,1,0,112.0,112.0,112.0,10
3,5,1,1,37.33333333333334,37.33333333333334,37.333333333333336,10
3,5,1,2,12.444444444444445,12.444444444444445,12.444444444444445,10
3,5,1,3,4.2748091603053435,4.2748091603053435,4.148148148148148,10
3,5,1,4,1.669150521609538,1.6279069767441863,1.382716049382716,10
3,5,1,5,1.0,0.8952837729816147,0.4609053497942387,10
3,5,2,0,192.0,192.0,192.0,10
3,5,2,1,64.0,64.0,64.0,10
3,5,2,2,21.333333333333336,21.333333333333336,21.333333333333332,10
3,5,2,3,7.111111111111111,7.111111111111111,7.111111111111111,10
3,5,2,4,2.4303797468354427,2.4242424242424243,2.3703703703703702,10
3,5,2,5,1.0,0.974124809741248,0.7901234567901234,10
3,5,3,0,232.0,232.0,232.0,10
3,5,3,1,77.33333333333334,77.33333333333334,77.33333333333333,10
3,5,3,2,25.777777777777775,25.777777777777775,25.77777777777778,10
3,5,3,3,8.592592592592592,8.592592592592592,8.592592592592593,10
3,5,3,4,2.8677379480840544,2.8677379480840544,2.8641975308641974,10
3,5,3,5,1.0,0.9952809952809952,0.9547325102880658,10
3,5,4,0,242.0,242.0,242.0,10
3,5,4,1,80.66666666666666,80.66666666666666,80.66666666666667,10
3,5,4,2,26.88888888888889,26.88888888888889,26.88888888888889,10
3,5,4,3,8.962962962962962,8.962962962962962,8.962962962962964,10
3,5,4,4,2.9876543209876543,2.9876543209876543,2.9876543209876543,10
3,5,4,5,1.0,0.9995869475423379,0.9958847736625515,10
3,5,5,0,243.0,243.0,243.0,10
3,5,5,1,81.0,81.0,81.0,10
3,5,5,2,27.0,27.0,27.0,10
3,5,5,3,9.0,9.0,9.0,10
3,5,5,4,3.0,3.0,3.0,10
3,5,5,5,1.0,1.0,1.0,10
3,6,0,0,64.0,64.0,64.0,10
3,6,0,1,21.333333333333332,21.333333333333332,21.333333333333332,10
3,6,0,2,7.356321839080459,7.356321839080459,7.111111111111111,10
3,6,0,3,2.5296442687747036,2.5,2.3703703703703702,10
3,6,0,4,1.4446952595936793,1.336116910229645,0.7901234567901234,10
3,6,0,5,1.0509031198686372,0.8080808080808081,0.26337448559670784,10
3,6,0,6,1.0,0.4904214559386973,0.0877914951989026,10
3,6,1,0,256.0,256.0,256.0,10
3,6,1,1,85.33333333333334,85.33333333333334,85.33333333333333,10
3,6,1,2,28.44444444444445,28.44444444444445,28.444444444444443,10
3,6,1,3,9.481481481481483,9.481481481481483,9.481481481481481,10
3,6,1,4,3.2778489116517284,3.208020050125313,3.1604938271604937,10
3,6,1,5,1.5320167564332734,1.4463276836158192,1.0534979423868314,10
3,6,1,6,1.0,0.8440487965710518,0.3511659807956104,10
3,6,2,0,496.0,496.0,496.0,10
3,6,2,1,165.33333333333334,165.33333333333334,165.33333333333334,10
3,6,2,2,55.111111111111114,55.111111111111114,55.111111111111114,10
3,6,2,3,18.37037037037037,18.37037037037037,18.37037037037037,10
3,6,2,4,6.146220570012392,6.146220570012392,6.1234567901234565,10
3,6,2,5,2.1527777777777777,2.1333333333333333,2.0411522633744856,10
3,6,2,6,1.0,0.9551319083381475,0.6803840877914952,10
3,6,3,0,656.0,656.0,656.0,10
3,6,3,1,218.66666666666669,218.66666666666669,218.66666666666666,10
3,6,3,2,72.88888888888889,72.88888888888889,72.88888888888889,10
3,6,3,3,24.296296296296298,24.296296296296298,24.296296296296298,10
3,6,3,4,8.098765432098766,8.098765432098766,8.098765432098766,10
3,6,3,5,2.7186075424782428,2.7186075424782428,2.6995884773662553,10
3,6,3,6,1.0,0.9889944218302428,0.8998628257887518,10
3,6,4,0,716.0,716.0,716.0,10
3,6,4,1,238.66666666666666,238.66666666666666,238.66666666666666,10
3,6,4,2,79.55555555555556,79.55555555555556,79.55555555555556,10
3,6,4,3,26.51851851851852,26.51851851851852,26.51851851851852,10
3,6,4,4,8.839506172839506,8.839506172839506,8.839506172839506,10
3,6,4,5,2.9465020576131686,2.9465020576131686,2.9465020576131686,10
3,6,4,6,1.0,0.9981876481249129,0.9821673525377229,10
3,6,5,0,728.0,728.0,728.0,10
3,6,5,1,242.66666666666666,242.66666666666666,242.66666666666666,10
3,6,5,2,80.88888888888889,80.88888888888889,80.88888888888889,10
3,6,5,3,26.962962962962962,26.962962962962962,26.962962962962962,10
3,6,5,4,8.987654320987655,8.987654320987655,8.987654320987655,10
3,6,5,5,2.9958847736625516,2.9958847736625516,2.9958847736625516,10
3,6,5,6,1.0,0.99986265622854,0.9986282578875172,10
3,6,6,0,729.0,729.0,729.0,10
3,6,6,1,243.0,243.0,243.0,10
3,6,6,2,81.0,81.0,81.0,10
3,6,6,3,27.0,27.0,27.0,10
3,6,6,4,9.0,9.0,9.0,10
3,6,6,5,3.0,3.0,3.0,10
3,6,6,6,1.0,1.0,1.0,10
3,7,0,0,128.0,128.0,128.0,10
3,7,0,1,42.666666666666664,42.666666666666664,42.666666666666664,10
3,7,0,2,14.222222222222225,14.222222222222225,14.222222222222221,10
3,7,0,3,5.019607843137254,5.019607843137254,4.7407407407407405,10
3,7,0,4,1.847041847041847,1.8002812939521802,1.5802469135802468,10
3,7,0,5,1.3182286302780637,1.1053540587219344,0.5267489711934157,10
3,7,0,6,1.067556296914095,0.7095343680709535,0.1755829903978052,10
3,7,0,7,1.0,0.3833483078766098,0.05852766346593507,10
3,7,1,0,576.0,576.0,576.0,10
3,7,1,1,192.0,192.0,192.0,10
3,7,1,2,64.0,64.0,64.0,10
3,7,1,3,21.333333333333336,21.333333333333336,21.333333333333332,10
3,7,1,4,7.111111111111111,7.111111111111111,7.111111111111111,10
3,7,1,5,2.640990371389271,2.553191489361702,2.3703703703703702,10
3,7,1,6,1.3859480269489894,1.2981744421906694,0.7901234567901234,10
3,7,1,7,1.0,0.7814407814407814,0.26337448559670784,10
3,7,2,0,1248.0,1248.0,1248.0,10
3,7,2,1,416.00000000000006,416.00000000000006,416.0,10
3,7,2,2,138.66666666666669,138.66666666666669,138.66666666666666,10
3,7,2,3,46.22222222222223,46.22222222222223,46.22222222222222,10
3,7,2,4,15.407407407407408,15.407407407407408,15.407407407407407,10
3,7,2,5,5.152766308835673,5.152766308835673,5.135802469135802,10
3,7,2,6,1.9778129952456416,1.947261663286004,1.7119341563786008,10
3,7,2,7,1.0,0.930024591996423,0.5706447187928669,10
3,7,3,0,1808.0,1808.0,1808.0,10
3,7,3,1,602.6666666666666,602.6666666666666,602.6666666666666,10
3,7,3,2,200.88888888888886,200.88888888888886,200.88888888888889,10
3,7,3,3,66.96296296296296,66.96296296296296,66.96296296296296,10
3,7,3,4,22.320987654320987,22.320987654320987,22.320987654320987,10
3,7,3,5,7.440329218106996,7.440329218106996,7.440329218106996,10
3,7,3,6,2.5097168239866745,2.5010374878959745,2.4801097393689986,10
3,7,3,7,1.0,0.9794680101847337,0.8267032464563329,10
3,7,4,0,2088.0,2088.0,2088.0,10
3,7,4,1,696.0,696.0,696.0,10
3,7,4,2,232.00000000000003,232.00000000000003,232.0,10
3,7,4,3,77.33333333333333,77.33333333333333,77.33333333333333,10
3,7,4,4,25.77777777777778,25.77777777777778,25.77777777777778,10
3,7,4,5,8.592592592592593,8.592592592592593,8.592592592592593,10
3,7,4,6,2.8669504325140744,2.8669504325140744,2.8641975308641974,10
3,7,4,7,1.0,0.9952809952809952,0.9547325102880658,10
3,7,5,0,2172.0,2172.0,2172.0,10
3,7,5,1,724.0000000000001,724.0000000000001,724.0,10
3,7,5,2,241.33333333333334,241.33333333333334,241.33333333333334,10
3,7,5,3,80.44444444444444,80.44444444444444,80.44444444444444,10
3,7,5,4,26.814814814814817,26.814814814814817,26.814814814814813,10
3,7,5,5,8.938271604938272,8.938271604938272,8.938271604938272,10
3,7,5,6,2.9794238683127574,2.9794238683127574,2.9794238683127574,10
3,7,5,7,1.0,0.9993098688750862,0.9931412894375857,10
3,7,6,0,2186.0,2186.0,2186.0,10
3,7,6,1,728.6666666666666,728.6666666666666,728.6666666666666,10
3,7,6,2,242.88888888888889,242.88888888888889,242.88888888888889,10
3,7,6,3,80.96296296296296,80.96296296296296,80.96296296296296,10
3,7,6,4,26.98765432098765,26.98765432098765,26.987654320987655,10
3,7,6,5,8.995884773662553,8.995884773662553,8.995884773662551,10
3,7,6,6,2.998628257887517,2.998628257887517,2.998628257887517,10
3,7,6,7,1.0,0.9999542564384063,0.9995427526291724,10
3,7,7,0,2187.0,2187.0,2187.0,10
3,7,7,1,729.0,729.0,729.0,10
3,7,7,2,243.0,243.0,243.0,10
3,7,7,3,81.0,81.0,81.0,10
3,7,7,4,27.0,27.0,27.0,10
3,7,7,5,9.0,9.0,9.0,10
3,7,7,6,3.0,3.0,3.0,10
3,7,7,7,1.0,1.0,1.0,10
3,8,0,0,256.0,256.0,256.0,10
3,8,0,1,85.33333333333333,85.33333333333333,85.33333333333333,10
3,8,0,2,28.444444444444443,28.444444444444443,28.444444444444443,10
3,8,0,3,9.481481481481481,9.481481481481481,9.481481481481481,10
3,8,0,4,3.4224598930481283,3.303225806451614,3.1604938271604937,10
3,8,0,5,1.6644993498049416,1.5851393188854488,1.0534979423868314,10
3,8,0,6,1.1604714415231188,0.9449981543004798,0.3511659807956104,10
3,8,0,7,1.0398050365556457,0.5816859804589866,0.11705532693187014,10
3,8,0,8,1.0,0.2887760857304005,0.03901844231062338,10
3,8,1,0,1280.0,1280.0,1280.0,10
3,8,1,1,426.6666666666667,426.6666666666667,426.6666666666667,10
3,8,1,2,142.22222222222223,142.22222222222223,142.22222222222223,10
3,8,1,3,47.4074074074074,47.4074074074074,47.407407407407405,10
3,8,1,4,15.80246913580247,15.80246913580247,15.802469135802468,10
3,8,1,5,5.373635600335852,5.373635600335852,5.267489711934156,10
3,8,1,6,2.1216641803414555,2.0765736534717716,1.755829903978052,10
3,8,1,7,1.1854047045749212,1.0773503913811968,0.5852766346593508,10
3,8,1,8,1.0,0.7079254466014048,0.1950922115531169,10
3,8,2,0,3072.0,3072.0,3072.0,10
3,8,2,1,1024.0,1024.0,1024.0,10
3,8,2,2,341.3333333333333,341.3333333333333,341.3333333333333,10
3,8,2,3,113.77777777777777,113.77777777777777,113.77777777777777,10
3,8,2,4,37.925925925925924,37.925925925925924,37.925925925925924,10
3,8,2,5,12.641975308641975,12.641975308641975,12.641975308641975,10
3,8,2,6,4.33714527742482,4.329809725158562,4.2139917695473255,10
3,8,2,7,1.7371635376611627,1.678413374856581,1.4046639231824416,10
3,8,2,8,1.0,0.8980092957993511,0.46822130772748055,10
3,8,3,0,4864.0,4864.0,4864.0,10
3,8,3,1,1621.333333333333,1621.333333333333,1621.3333333333333,10
3,8,3,2,540.4444444444443,540.4444444444443,540.4444444444445,10
3,8,3,3,180.14814814814812,180.14814814814812,180.14814814814815,10
3,8,3,4,60.04938271604939,60.04938271604939,60.04938271604938,10
3,8,3,5,20.016460905349792,20.016460905349792,20.016460905349795,10
3,8,3,6,6.672153635116597,6.672153635116597,6.672153635116598,10
3,8,3,7,2.2788605697151425,2.26580332603531,2.224051211705533,10
3,8,3,8,1.0,0.966287224109502,0.7413504039018443,10
3,8,4,0,5984.0,5984.0,5984.0,10
3,8,4,1,1994.6666666666665,1994.6666666666665,1994.6666666666667,10
3,8,4,2,664.8888888888889,664.8888888888889,664.8888888888889,10
3,8,4,3,221.62962962962962,221.62962962962962,221.62962962962962,10
3,8,4,4,73.87654320987653,73.87654320987653,73.87654320987654,10
3,8,4,5,24.62551440329218,24.62551440329218,24.625514403292183,10
3,8,4,6,8.208504801097394,8.208504801097394,8.208504801097394,10
3,8,4,7,2.7398012911496727,2.7398012911496727,2.7361682670324647,10
3,8,4,8,1.0,0.9904497078636808,0.9120560890108215,10
3,8,5,0,6432.0,6432.0,6432.0,10
3,8,5,1,2144.0,2144.0,2144.0,10
3,8,5,2,714.6666666666667,714.6666666666667,714.6666666666666,10
3,8,5,3,238.22222222222223,238.22222222222223,238.22222222222223,10
3,8,5,4,79.4074074074074,79.4074074074074,79.4074074074074,10
3,8,5,5,26.469135802469136,26.469135802469136,26.469135802469136,10
3,8,5,6,8.823045267489713,8.823045267489713,8.823045267489713,10
3,8,5,7,2.9415530961309795,2.9415530961309795,2.9410150891632374,10
3,8,5,8,1.0,0.9979984173532561,0.9803383630544125,10
3,8,6,0,6544.0,6544.0,6544.0,10
3,8,6,1,2181.333333333333,2181.333333333333,2181.3333333333335,10
3,8,6,2,727.1111111111112,727.1111111111112,727.1111111111111,10
3,8,6,3,242.37037037037038,242.37037037037038,242.37037037037038,10
3,8,6,4,80.79012345679013,80.79012345679013,80.79012345679013,10
3,8,6,5,26.930041152263374,26.930041152263374,26.930041152263374,10
3,8,6,6,8.976680384087791,8.976680384087791,8.976680384087791,10
3,8,6,7,2.9922267946959304,2.9922267946959304,2.9922267946959304,10
3,8,6,8,1.0,0.9997402875169958,0.9974089315653102,10
3,8,7,0,6560.0,6560.0,6560.0,10
3,8,7,1,2186.6666666666665,2186.6666666666665,2186.6666666666665,10
3,8,7,2,728.8888888888889,728.8888888888889,728.8888888888889,10
3,8,7,3,242.96296296296296,242.96296296296296,242.96296296296296,10
3,8,7,4,80.98765432098766,80.98765432098766,80.98765432098766,10
3,8,7,5,26.995884773662553,26.995884773662553,26.995884773662553,10
3,8,7,6,8.998628257887518,8.998628257887518,8.998628257887518,10
3,8,7,7,2.9995427526291722,2.9995427526291722,2.9995427526291722,10
3,8,7,8,1.0,0.999984756329934,0.9998475842097241,10
3,8,8,0,6561.0,6561.0,6561.0,10
3,8,8,1,2187.0,2187.0,2187.0,10
3,8,8,2,729.0,729.0,729.0,10
3,8,8,3,243.0,243.0,243.0,10
3,8,8,4,81.0,81.0,81.0,10
3,8,8,5,27.0,27.0,27.0,10
3,8,8,6,9.0,9.0,9.0,10
3,8,8,7,3.0,3.0,3.0,10
3,8,8,8,1.0,1.0,1.0,10
3,9,0,0,512.0,512.0,512.0,10
3,9,0,1,170.66666666666663,170.66666666666663,170.66666666666666,10
3,9,0,2,56.888888888888886,56.888888888888886,56.888888888888886,10
3,9,0,3,18.96296296296297,18.96296296296297,18.962962962962962,10
3,9,0,4,6.352357320099255,6.352357320099255,6.320987654320987,10
3,9,0,5,2.5548902195608787,2.5159705159705164,2.1069958847736627,10
3,9,0,6,1.3322924798334632,1.2254667304930589,0.7023319615912208,10
3,9,0,7,1.087972800679983,0.7961436790545794,0.23411065386374028,10
3,9,0,8,1.025230276331598,0.4629713355637942,0.07803688462124676,10
3,9,0,9,1.0,0.21077765427524597,0.02601229487374892,10
3,9,1,0,2816.0,2816.0,2816.0,10
3,9,1,1,938.6666666666666,938.6666666666666,938.6666666666666,10
3,9,1,2,312.8888888888889,312.8888888888889,312.8888888888889,10
3,9,1,3,104.29629629629629,104.29629629629629,104.29629629629629,10
3,9,1,4,34.76543209876543,34.76543209876543,34.76543209876543,10
3,9,1,5,11.598023064250413,11.598023064250413,11.588477366255145,10
3,9,1,6,4.028036046345301,4.028036046345301,3.8628257887517146,10
3,9,1,7,1.6393060891838396,1.6106154198123999,1.2876085962505717,10
3,9,1,8,1.206564120142251,1.006433166547534,0.4292028654168572,10
3,9,1,9,1.0,0.6254025362560242,0.14306762180561905,10
3,9,2,0,7424.0,7424.0,7424.0,10
3,9,2,1,2474.666666666667,2474.666666666667,2474.6666666666665,10
3,9,2,2,824.8888888888888,824.8888888888888,824.8888888888889,10
3,9,2,3,274.962962962963,274.962962962963,274.962962962963,10
3,9,2,4,91.6543209876543,91.6543209876543,91.65432098765432,10
3,9,2,5,30.551440329218103,30.551440329218103,30.551440329218106,10
3,9,2,6,10.218857536132136,10.204810996563577,10.183813443072703,10
3,9,2,7,3.5318744053282582,3.5218216318785576,3.394604481024234,10
3,9,2,8,1.4987382658726154,1.456343056672617,1.131534827008078,10
3,9,2,9,1.0,0.8582758182175516,0.37717827566935935,10
3,9,3,0,12800.0,12800.0,12800.0,10
3,9,3,1,4266.666666666666,4266.666666666666,4266.666666666667,10
3,9,3,2,1422.2222222222222,1422.2222222222222,1422.2222222222222,10
3,9,3,3,474.07407407407413,474.07407407407413,474.0740740740741,10
3,9,3,4,158.02469135802468,158.02469135802468,158.02469135802468,10
3,9,3,5,52.674897119341566,52.674897119341566,52.674897119341566,10
3,9,3,6,17.558299039780522,17.558299039780522,17.558299039780522,10
3,9,3,7,5.859196191522475,5.859196191522475,5.852766346593507,10
3,9,3,8,2.104190297710049,2.0776522529541617,1.9509221155311691,10
3,9,3,9,1.0,0.9489705893255637,0.650307371843723,10
3,9,4,0,16832.0,16832.0,16832.0,10
3,9,4,1,5610.666666666667,5610.666666666667,5610.666666666667,10
3,9,4,2,1870.2222222222222,1870.2222222222222,1870.2222222222222,10
3,9,4,3,623.4074074074073,623.4074074074073,623.4074074074074,10
3,9,4,4,207.8024691358025,207.8024691358025,207.80246913580248,10
3,9,4,5,69.26748971193415,69.26748971193415,69.26748971193416,10
3,9,4,6,23.08916323731139,23.08916323731139,23.089163237311386,10
3,9,4,7,7.696387745770462,7.696387745770462,7.696387745770462,10
3,9,4,8,2.5776416539050535,2.5764579825501306,2.5654625819234873,10
3,9,4,9,1.0,0.983344141238878,0.8551541939744958,10
3,9,5,0,18848.0,18848.0,18848.0,10
3,9,5,1,6282.666666666667,6282.666666666667,6282.666666666667,10
3,9,5,2,2094.2222222222226,2094.2222222222226,2094.222222222222,10
3,9,5,3,698.0740740740741,698.0740740740741,698.074074074074,10
3,9,5,4,232.69135802469134,232.69135802469134,232.69135802469137,10
3,9,5,5,77.56378600823044,77.56378600823044,77.56378600823045,10
3,9,5,6,25.854595336076816,25.854595336076816,25.854595336076816,10
3,9,5,7,8.618198445358939,8.618198445358939,8.618198445358939,10
3,9,5,8,2.8747044917257685,2.8747044917257685,2.8727328151196465,10
3,9,5,9,1.0,0.995589361645934,0.9575776050398821,10
3,9,6,0,19520.0,19520.0,19520.0,10
3,9,6,1,6506.666666666666,6506.666666666666,6506.666666666667,10
3,9,6,2,2168.8888888888887,2168.8888888888887,2168.8888888888887,10
3,9,6,3,722.9629629629629,722.9629629629629,722.9629629629629,10
3,9,6,4,240.98765432098767,240.98765432098767,240.98765432098764,10
3,9,6,5,80.32921810699588,80.32921810699588,80.32921810699588,10
3,9,6,6,26.776406035665296,26.776406035665296,26.776406035665296,10
3,9,6,7,8.925468678555099,8.925468678555099,8.925468678555099,10
3,9,6,8,2.975156226185033,2.975156226185033,2.9751562261850326,10
3,9,6,9,1.0,0.9991656557280549,0.9917187420616775,10
3,9,7,0,19664.0,19664.0,19664.0,10
3,9,7,1,6554.666666666666,6554.666666666666,6554.666666666667,10
3,9,7,2,2184.8888888888887,2184.8888888888887,2184.8888888888887,10
3,9,7,3,728.2962962962963,728.2962962962963,728.2962962962963,10
3,9,7,4,242.76543209876542,242.76543209876542,242.76543209876544,10
3,9,7,5,80.92181069958848,80.92181069958848,80.92181069958848,10
3,9,7,6,26.973936899862828,26.973936899862828,26.973936899862824,10
3,9,7,7,8.991312299954275,8.991312299954275,8.991312299954275,10
3,9,7,8,2.9971040999847585,2.9971040999847585,2.9971040999847585,10
3,9,7,9,1.0,0.9999033860642025,0.9990346999949195,10
3,9,8,0,19682.0,19682.0,19682.0,10
3,9,8,1,6560.666666666666,6560.666666666666,6560.666666666667,10
3,9,8,2,2186.8888888888887,2186.8888888888887,2186.8888888888887,10
3,9,8,3,728.9629629629629,728.9629629629629,728.9629629629629,10
3,9,8,4,242.98765432098764,242.98765432098764,242.98765432098764,10
3,9,8,5,80.99588477366255,80.99588477366255,80.99588477366255,10
3,9,8,6,26.99862825788752,26.99862825788752,26.998628257887518,10
3,9,8,7,8.999542752629171,8.999542752629171,8.999542752629173,10
3,9,8,8,2.999847584209724,2.999847584209724,2.999847584209724,10
3,9,8,9,1.0,0.9999949192413411,0.9999491947365747,10
3,9,9,0,19683.0,19683.0,19683.0,10
3,9,9,1,6561.0,6561.0,6561.0,10
3,9,9,2,2187.0,2187.0,2187.0,10
3,9,9,3,729.0,729.0,729.0,10
3,9,9,4,243.0,243.0,243.0,10
3,9,9,5,81.0,81.0,81.0,10
3,9,9,6,27.0,27.0,27.0,10
3,9,9,7,9.0,9.0,9.0,10
3,9,9,8,3.0,3.0,3.0,10
3,9,9,9,1.0,1.0,1.0,10
3,10,0,0,1024.0,1024.0,1024.0,10
3,10,0,1,341.33333333333337,341.33333333333337,341.3333333333333,10
3,10,0,2,113.77777777777777,113.77777777777777,113.77777777777777,10
3,10,0,3,37.92592592592593,37.92592592592593,37.925925925925924,10
3,10,0,4,12.641975308641976,12.641975308641976,12.641975308641975,10
3,10,0,5,4.3426632739609845,4.3426632739609845,4.2139917695473255,10
3,10,0,6,1.9309824627569303,1.8751144479033144,1.4046639231824416,10
3,10,0,7,1.243322000971345,1.0721390430321434,0.46822130772748055,10
3,10,0,8,1.066222407330279,0.6745273697384889,0.15607376924249353,10
3,10,0,9,1.0100611560465576,0.35549383787536887,0.05202458974749784,10
3,10,0,10,1.0,0.15000366219878414,0.017341529915832612,10
3,10,1,0,6144.0,6144.0,6144.0,10
3,10,1,1,2048.0,2048.0,2048.0,10
3,10,1,2,682.6666666666667,682.6666666666667,682.6666666666666,10
3,10,1,3,227.55555555555551,227.55555555555551,227.55555555555554,10
3,10,1,4,75.85185185185188,75.85185185185188,75.85185185185185,10
3,10,1,5,25.283950617283956,25.283950617283956,25.28395061728395,10
3,10,1,6,8.451169188445666,8.451169188445666,8.427983539094651,10
3,10,1,7,2.8819363009522023,2.8579402735138153,2.809327846364883,10
3,10,1,8,1.4520703346568349,1.3890396093326098,0.9364426154549611,10
3,10,1,9,1.09172323110274,0.87861800709301,0.31214753848498705,10
3,10,1,10,1.0,0.5373212645939919,0.10404917949499567,10
3,10,2,0,17664.0,17664.0,17664.0,10
3,10,2,1,5888.0,5888.0,5888.0,10
3,10,2,2,1962.6666666666672,1962.6666666666672,1962.6666666666667,10
3,10,2,3,654.2222222222222,654.2222222222222,654.2222222222222,10
3,10,2,4,218.07407407407413,218.07407407407413,218.07407407407408,10
3,10,2,5,72.69135802469138,72.69135802469138,72.69135802469135,10
3,10,2,6,24.23045267489712,24.23045267489712,24.23045267489712,10
3,10,2,7,8.101265822784812,8.101265822784812,8.07681755829904,10
3,10,2,8,2.9008736779872564,2.884389288047028,2.692272519433013,10
3,10,2,9,1.332377899302282,1.2553835657328045,0.8974241731443378,10
3,10,2,10,1.0,0.8101823185414516,0.2991413910481126,10
3,10,3,0,33024.0,33024.0,33024.0,10
3,10,3,1,11008.0,11008.0,11008.0,10
3,10,3,2,3669.3333333333326,3669.3333333333326,3669.3333333333335,10
3,10,3,3,1223.1111111111109,1223.1111111111109,1223.111111111111,10
3,10,3,4,407.7037037037037,407.7037037037037,407.7037037037037,10
3,10,3,5,135.90123456790124,135.90123456790124,135.90123456790124,10
3,10,3,6,45.300411522633745,45.300411522633745,45.300411522633745,10
3,10,3,7,15.109118360250719,15.109118360250719,15.100137174211248,10
3,10,3,8,5.078427754198191,5.072811059907834,5.033379058070416,10
3,10,3,9,1.8538748701827266,1.829199392925589,1.6777930193568054,10
3,10,3,10,1.0,0.9269504441918235,0.5592643397856017,10
3,10,4,0,46464.0,46464.0,46464.0,10
3,10,4,1,15488.0,15488.0,15488.0,10
3,10,4,2,5162.666666666666,5162.666666666666,5162.666666666667,10
3,10,4,3,1720.888888888889,1720.888888888889,1720.888888888889,10
3,10,4,4,573.6296296296297,573.6296296296297,573.6296296296297,10
3,10,4,5,191.20987654320982,191.20987654320982,191.20987654320987,10
3,10,4,6,63.73662551440329,63.73662551440329,63.73662551440329,10
3,10,4,7,21.245541838134432,21.245541838134432,21.245541838134432,10
3,10,4,8,7.0818472793781435,7.0818472793781435,7.0818472793781435,10
3,10,4,9,2.4056164184977322,2.403003754693367,2.3606157597927147,10
3,10,4,10,1.0,0.9736287914505737,0.7868719199309049,10
3,10,5,0,54528.0,54528.0,54528.0,10
3,10,5,1,18175.999999999996,18175.999999999996,18176.0,10
3,10,5,2,6058.666666666668,6058.666666666668,6058.666666666667,10
3,10,5,3,2019.5555555555557,2019.5555555555557,2019.5555555555557,10
3,10,5,4,673.185185185185,673.185185185185,673.1851851851852,10
3,10,5,5,224.3950617283951,224.3950617283951,224.39506172839506,10
3,10,5,6,74.79835390946502,74.79835390946502,74.79835390946502,10
3,10,5,7,24.93278463648834,24.93278463648834,24.93278463648834,10
3,10,5,8,8.31092821216278,8.31092821216278,8.31092821216278,10
3,10,5,9,2.772281254766384,2.772281254766384,2.77030940405426,10
3,10,5,10,1.0,0.9917770247780561,0.9234364680180867,10
3,10,6,0,57888.0,57888.0,57888.0,10
3,10,6,1,19296.0,19296.0,19296.0,10
3,10,6,2,6432.000000000001,6432.000000000001,6432.0,10
3,10,6,3,2144.0000000000005,2144.0000000000005,2144.0,10
3,10,6,4,714.6666666666667,714.6666666666667,714.6666666666666,10
3,10,6,5,238.2222222222222,238.2222222222222,238.22222222222223,10
3,10,6,6,79.4074074074074,79.4074074074074,79.4074074074074,10
3,10,6,7,26.46913580246914,26.46913580246914,26.469135802469136,10
3,10,6,8,8.823045267489713,8.823045267489713,8.823045267489713,10
3,10,6,9,2.9410150891632374,2.9410150891632374,2.9410150891632374,10
3,10,6,10,1.0,0.9979984173532561,0.9803383630544125,10
3,10,7,0,58848.0,58848.0,58848.0,10
3,10,7,1,19615.999999999996,19615.999999999996,19616.0,10
3,10,7,2,6538.666666666666,6538.666666666666,6538.666666666667,10
3,10,7,3,2179.555555555555,2179.555555555555,2179.5555555555557,10
3,10,7,4,726.5185185185185,726.5185185185185,726.5185185185185,10
3,10,7,5,242.1728395061728,242.1728395061728,242.17283950617283,10
3,10,7,6,80.72427983539094,80.72427983539094,80.72427983539094,10
3,10,7,7,26.908093278463653,26.908093278463653,26.90809327846365,10
3,10,7,8,8.96936442615455,8.96936442615455,8.96936442615455,10
3,10,7,9,2.9897881420515167,2.9897881420515167,2.9897881420515167,10
3,10,7,10,1.0,0.9996585587100654,0.9965960473505056,10
3,10,8,0,59028.0,59028.0,59028.0,10
3,10,8,1,19676.0,19676.0,19676.0,10
3,10,8,2,6558.666666666666,6558.666666666666,6558.666666666667,10
3,10,8,3,2186.222222222222,2186.222222222222,2186.222222222222,10
3,10,8,4,728.7407407407408,728.7407407407408,728.7407407407408,10
3,10,8,5,242.91358024691357,242.91358024691357,242.91358024691357,10
3,10,8,6,80.97119341563786,80.97119341563786,80.97119341563786,10
3,10,8,7,26.99039780521262,26.99039780521262,26.99039780521262,10
3,10,8,8,8.996799268404207,8.996799268404207,8.996799268404207,10
3,10,8,9,2.998933089468069,2.998933089468069,2.998933089468069,10
3,10,8,10,1.0,0.9999644249289769,0.999644363156023,10
3,10,9,0,59048.0,59048.0,59048.0,10
3,10,9,1,19682.666666666664,19682.666666666664,19682.666666666668,10
3,10,9,2,6560.888888888889,6560.888888888889,6560.888888888889,10
3,10,9,3,2186.962962962963,2186.962962962963,2186.962962962963,10
3,10,9,4,728.9876543209876,728.9876543209876,728.9876543209876,10
3,10,9,5,242.99588477366254,242.99588477366254,242.99588477366254,10
3,10,9,6,80.99862825788752,80.99862825788752,80.99862825788752,10
3,10,9,7,26.999542752629175,26.999542752629175,26.99954275262917,10
3,10,9,8,8.999847584209725,8.999847584209725,8.999847584209725,10
3,10,9,9,2.999949194736575,2.999949194736575,2.999949194736575,10
3,10,9,10,1.0,0.999998306465407,0.9999830649121916,10
3,10,10,0,59049.0,59049.0,59049.0,10
3,10,10,1,19683.0,19683.0,19683.0,10
3,10,10,2,6561.0,6561.0,6561.0,10
3,10,10,3,2187.0,2187.0,2187.0,10
3,10,10,4,729.0,729.0,729.0,10
3,10,10,5,243.0,243.0,243.0,10
3,10,10,6,81.0,81.0,81.0,10
3,10,10,7,27.0,27.0,27.0,10
3,10,10,8,9.0,9.0,9.0,10
3,10,10,9,3.0,3.0,3.0,10
3,10,10,10,1.0,1.0,1.0,10
3,11,0,0,2048.0,2048.0,2048.0,10
3,11,0,1,682.6666666666667,682.6666666666667,682.6666666666666,10
3,11,0,2,227.5555555555556,227.5555555555556,227.55555555555554,10
3,11,0,3,75.85185185185185,75.85185185185185,75.85185185185185,10
3,11,0,4,26.1558109833972,26.1558109833972,25.28395061728395,10
3,11,0,5,8.42798353909465,8.42798353909465,8.427983539094651,10
3,11,0,6,3.1531947652040033,3.140141061024226,2.809327846364883,10
3,11,0,7,1.4986096882774769,1.417202961732752,0.9364426154549611,10
3,11,0,8,1.1475960999663792,0.9059140974034591,0.31214753848498705,10
3,11,0,9,1.034030091891346,0.5463227252114067,0.10404917949499567,10
3,11,0,10,1.0131591965964184,0.26522656927878574,0.034683059831665225,10
3,11,0,11,1.0,0.10471471886040935,0.011561019943888409,10
3,11,1,0,13312.0,13312.0,13312.0,10
3,11,1,1,4437.333333333334,4437.333333333334,4437.333333333333,10
3,11,1,2,1479.1111111111113,1479.1111111111113,1479.111111111111,10
3,11,1,3,493.037037037037,493.037037037037,493.037037037037,10
3,11,1,4,164.3456790123456,164.3456790123456,164.34567901234567,10
3,11,1,5,54.781893004115226,54.781893004115226,54.781893004115226,10
3,11,1,6,18.26063100137174,18.26063100137174,18.260631001371742,10
3,11,1,7,6.090218684234605,6.090218684234605,6.086877000457247,10
3,11,1,8,2.4009811701897408,2.311231487751099,2.028959000152416,10
3,11,1,9,1.3271124935199585,1.2020624328399991,0.6763196667174719,10
3,11,1,10,1.1157675931203273,0.7960722636510964,0.22543988890582398,10
3,11,1,11,1.0,0.44828340994426763,0.07514662963527466,10
3,11,2,0,41472.0,41472.0,41472.0,10
3,11,2,1,13824.0,13824.0,13824.0,10
3,11,2,2,4608.000000000001,4608.000000000001,4608.0,10
3,11,2,3,1536.0000000000005,1536.0000000000005,1536.0,10
3,11,2,4,512.0000000000001,512.0000000000001,512.0,10
3,11,2,5,170.66666666666669,170.66666666666669,170.66666666666666,10
3,11,2,6,56.888888888888886,56.888888888888886,56.888888888888886,10
3,11,2,7,18.96296296296297,18.96296296296297,18.962962962962962,10
3,11,2,8,6.389154213526422,6.371485635274237,6.320987654320987,10
3,11,2,9,2.4411520598986383,2.400083336226952,2.1069958847736627,10
3,11,2,10,1.3076297319283376,1.2169442586006551,0.7023319615912208,10
3,11,2,11,1.0,0.753495217071376,0.23411065386374028,10
3,11,3,0,83712.0,83712.0,83712.0,10
3,11,3,1,27904.0,27904.0,27904.0,10
3,11,3,2,9301.333333333332,9301.333333333332,9301.333333333334,10
3,11,3,3,3100.444444444444,3100.444444444444,3100.4444444444443,10
3,11,3,4,1033.4814814814813,1033.4814814814813,1033.4814814814815,10
3,11,3,5,344.4938271604939,344.4938271604939,344.4938271604938,10
3,11,3,6,114.8312757201646,114.8312757201646,114.83127572016461,10
3,11,3,7,38.27709190672152,38.27709190672152,38.27709190672154,10
3,11,3,8,12.762532016099525,12.762532016099525,12.759030635573845,10
3,11,3,9,4.273833288235624,4.273833288235624,4.253010211857949,10
3,11,3,10,1.7622132077576789,1.7337025293517048,1.4176700706193162,10
3,11,3,11,1.0,0.8995921788610023,0.4725566902064387,10
3,11,4,0,125952.0,125952.0,125952.0,10
3,11,4,1,41984.0,41984.0,41984.0,10
3,11,4,2,13994.666666666668,13994.666666666668,13994.666666666666,10
3,11,4,3,4664.88888888889,4664.88888888889,4664.888888888889,10
3,11,4,4,1554.962962962963,1554.962962962963,1554.962962962963,10
3,11,4,5,518.320987654321,518.320987654321,518.320987654321,10
3,11,4,6,172.7736625514403,172.7736625514403,172.77366255144034,10
3,11,4,7,57.591220850480106,57.591220850480106,57.59122085048011,10
3,11,4,8,19.197073616826707,19.197073616826707,19.197073616826703,10
3,11,4,9,6.400975758499771,6.400975758499771,6.399024538942235,10
3,11,4,10,2.17856512759841,2.176456967489312,2.1330081796474114,10
3,11,4,11,1.0,0.9609411656996372,0.7110027265491372,10
3,11,5,0,155520.0,155520.0,155520.0,10
3,11,5,1,51840.00000000001,51840.00000000001,51840.0,10
3,11,5,2,17280.000000000004,17280.000000000004,17280.0,10
3,11,5,3,5760.000000000001,5760.000000000001,5760.0,10
3,11,5,4,1920.0000000000002,1920.0000000000002,1920.0,10
3,11,5,5,640.0000000000002,640.0000000000002,640.0,10
3,11,5,6,213.33333333333334,213.33333333333334,213.33333333333334,10
3,11,5,7,71.11111111111111,71.11111111111111,71.11111111111111,10
3,11,5,8,23.703703703703702,23.703703703703702,23.703703703703702,10
3,11,5,9,7.901234567901234,7.901234567901234,7.901234567901234,10
3,11,5,10,2.6471669594346174,2.644102030511224,2.633744855967078,10
3,11,5,11,1.0,0.9862844814301125,0.877914951989026,10
3,11,6,0,170304.0,170304.0,170304.0,10
3,11,6,1,56768.00000000001,56768.00000000001,56768.0,10
3,11,6,2,18922.666666666668,18922.666666666668,18922.666666666668,10
3,11,6,3,6307.555555555555,6307.555555555555,6307.555555555556,10
3,11,6,4,2102.5185185185182,2102.5185185185182,2102.5185185185187,10
3,11,6,5,700.8395061728395,700.8395061728395,700.8395061728395,10
3,11,6,6,233.61316872427983,233.61316872427983,233.61316872427983,10
3,11,6,7,77.8710562414266,77.8710562414266,77.87105624142661,10
3,11,6,8,25.9570187471422,25.9570187471422,25.957018747142204,10
3,11,6,9,8.652339582380735,8.652339582380735,8.652339582380735,10
3,11,6,10,2.8845039887535777,2.8845039887535777,2.8841131941269116,10
3,11,6,11,1.0,0.9959979717910523,0.9613710647089705,10
3,11,7,0,175584.0,175584.0,175584.0,10
3,11,7,1,58528.0,58528.0,58528.0,10
3,11,7,2,19509.333333333336,19509.333333333336,19509.333333333332,10
3,11,7,3,6503.111111111111,6503.111111111111,6503.111111111111,10
3,11,7,4,2167.7037037037035,2167.7037037037035,2167.703703703704,10
3,11,7,5,722.5679012345679,722.5679012345679,722.5679012345679,10
3,11,7,6,240.8559670781893,240.8559670781893,240.8559670781893,10
3,11,7,7,80.28532235939645,80.28532235939645,80.28532235939643,10
3,11,7,8,26.761774119798808,26.761774119798808,26.76177411979881,10
3,11,7,9,8.92059137326627,8.92059137326627,8.920591373266271,10
3,11,7,10,2.9735304577554236,2.9735304577554236,2.9735304577554236,10
3,11,7,11,1.0,0.99911061947658,0.9911768192518078,10
3,11,8,0,176904.0,176904.0,176904.0,10
3,11,8,1,58968.0,58968.0,58968.0,10
3,11,8,2,19656.0,19656.0,19656.0,10
3,11,8,3,6552.0,6552.0,6552.0,10
3,11,8,4,2184.0,2184.0,2184.0,10
3,11,8,5,728.0,728.0,728.0,10
3,11,8,6,242.66666666666669,242.66666666666669,242.66666666666666,10
3,11,8,7,80.88888888888889,80.88888888888889,80.88888888888889,10
3,11,8,8,26.962962962962962,26.962962962962962,26.962962962962962,10
3,11,8,9,8.987654320987653,8.987654320987653,8.987654320987655,10
3,11,8,10,2.995884773662551,2.995884773662551,2.9958847736625516,10
3,11,8,11,1.0,0.99986265622854,0.9986282578875172,10
3,11,9,0,177124.0,177124.0,177124.0,10
3,11,9,1,59041.333333333336,59041.333333333336,59041.333333333336,10
3,11,9,2,19680.44444444444,19680.44444444444,19680.444444444445,10
3,11,9,3,6560.148148148148,6560.148148148148,6560.148148148148,10
3,11,9,4,2186.716049382716,2186.716049382716,2186.716049382716,10
3,11,9,5,728.9053497942386,728.9053497942386,728.9053497942386,10
3,11,9,6,242.9684499314129,242.9684499314129,242.9684499314129,10
3,11,9,7,80.98948331047096,80.98948331047096,80.98948331047096,10
3,11,9,8,26.996494436823653,26.996494436823653,26.996494436823657,10
3,11,9,9,8.998831478941218,8.998831478941218,8.998831478941218,10
3,11,9,10,2.999610492980406,2.999610492980406,2.999610492980406,10
3,11,9,11,1.0,0.9999870149153457,0.999870164326802,10
3,11,10,0,177146.0,177146.0,177146.0,10
3,11,10,1,59048.666666666664,59048.666666666664,59048.666666666664,10
3,11,10,2,19682.88888888889,19682.88888888889,19682.88888888889,10
3,11,10,3,6560.962962962963,6560.962962962963,6560.962962962963,10
3,11,10,4,2186.9876543209875,2186.9876543209875,2186.9876543209875,10
3,11,10,5,728.9958847736625,728.9958847736625,728.9958847736625,10
3,11,10,6,242.99862825788753,242.99862825788753,242.9986282578875,10
3,11,10,7,80.99954275262917,80.99954275262917,80.99954275262917,10
3,11,10,8,26.99984758420972,26.99984758420972,26.999847584209725,10
3,11,10,9,8.999949194736576,8.999949194736576,8.999949194736574,10
3,11,10,10,2.999983064912192,2.999983064912192,2.9999830649121915,10
3,11,10,11,1.0,0.9999994354942051,0.9999943549707305,10
3,11,11,0,177147.0,177147.0,177147.0,10
3,11,11,1,59049.0,59049.0,59049.0,10
3,11,11,2,19683.0,19683.0,19683.0,10
3,11,11,3,6561.0,6561.0,6561.0,10
3,11,11,4,2187.0,2187.0,2187.0,10
3,11,11,5,729.0,729.0,729.0,10
3,11,11,6,243.0,243.0,243.0,10
3,11,11,7,81.0,81.0,81.0,10
3,11,11,8,27.0,27.0,27.0,10
3,11,11,9,9.0,9.0,9.0,10
3,11,11,10,3.0,3.0,3.0,10
3,11,11,11,1.0,1.0,1.0,10
3,12,0,0,4096.0,4096.0,4096.0,10
3,12,0,1,1365.3333333333333,1365.3333333333333,1365.3333333333333,10
3,12,0,2,455.11111111111114,455.11111111111114,455.1111111111111,10
3,12,0,3,151.7037037037037,151.7037037037037,151.7037037037037,10
3,12,0,4,50.5679012345679,50.5679012345679,50.5679012345679,10
3,12,0,5,16.855967078189302,16.855967078189302,16.855967078189302,10
3,12,0,6,5.631788807919704,5.631788807919704,5.618655692729766,10
3,12,0,7,2.2647351542629655,2.2333696837513637,1.8728852309099222,10
3,12,0,8,1.3456863131611805,1.2007504690431519,0.6242950769699741,10
3,12,0,9,1.089014144421993,0.7665100960008981,0.20809835898999135,10
3,12,0,10,1.0369620253164558,0.4332511820268455,0.06936611966333045,10
3,12,0,11,1.0090658257784786,0.19171452508998318,0.023122039887776818,10
3,12,0,12,1.0,0.07207397436235824,0.0077073466292589396,10
3,12,1,0,28672.0,28672.0,28672.0,10
3,12,1,1,9557.333333333334,9557.333333333334,9557.333333333334,10
3,12,1,2,3185.7777777777783,3185.7777777777783,3185.777777777778,10
3,12,1,3,1061.9259259259259,1061.9259259259259,1061.9259259259259,10
3,12,1,4,353.9753086419752,353.9753086419752,353.9753086419753,10
3,12,1,5,117.9917695473251,117.9917695473251,117.9917695473251,10
3,12,1,6,39.33058984910838,39.33058984910838,39.33058984910837,10
3,12,1,7,13.110196616369455,13.110196616369455,13.110196616369455,10
3,12,1,8,4.439902133853634,4.43907725654126,4.370065538789818,10
3,12,1,9,1.8844561288202433,1.847482199813138,1.4566885129299396,10
3,12,1,10,1.2855439081036972,1.0993064155602161,0.4855628376433132,10
3,12,1,11,1.0640027015693594,0.6852837981242651,0.16185427921443774,10
3,12,1,12,1.0,0.3631716211372166,0.053951426404812576,10
3,12,2,0,96256.0,96256.0,96256.0,10
3,12,2,1,32085.333333333336,32085.333333333336,32085.333333333332,10
3,12,2,2,10695.111111111111,10695.111111111111,10695.111111111111,10
3,12,2,3,3565.0370370370374,3565.0370370370374,3565.037037037037,10
3,12,2,4,1188.3456790123453,1188.3456790123453,1188.3456790123457,10
3,12,2,5,396.1152263374486,396.1152263374486,396.1152263374486,10
3,12,2,6,132.03840877914956,132.03840877914956,132.0384087791495,10
3,12,2,7,44.012802926383166,44.012802926383166,44.01280292638317,10
3,12,2,8,14.670934308794394,14.670934308794394,14.670934308794392,10
3,12,2,9,4.917292464878672,4.917292464878672,4.890311436264797,10
3,12,2,10,1.9647088840128595,1.9428190818355218,1.6301038120882656,10
3,12,2,11,1.2654357100130806,1.1217785112100935,0.5433679373627552,10
3,12,2,12,1.0,0.6886520788842028,0.18112264578758508,10
3,12,3,0,208896.0,208896.0,208896.0,10
3,12,3,1,69632.0,69632.0,69632.0,10
3,12,3,2,23210.666666666668,23210.666666666668,23210.666666666668,10
3,12,3,3,7736.8888888888905,7736.8888888888905,7736.888888888889,10
3,12,3,4,2578.962962962962,2578.962962962962,2578.962962962963,10
3,12,3,5,859.6543209876542,859.6543209876542,859.6543209876543,10
3,12,3,6,286.5514403292181,286.5514403292181,286.5514403292181,10
3,12,3,7,95.51714677640605,95.51714677640605,95.51714677640604,10
3,12,3,8,31.839048925468674,31.839048925468674,31.839048925468678,10
3,12,3,9,10.613016308489557,10.613016308489557,10.61301630848956,10
3,12,3,10,3.651351323006576,3.648596250379887,3.5376721028298532,10
3,12,3,11,1.523418356631117,1.4709628900432425,1.1792240342766178,10
3,12,3,12,1.0,0.8662474263996964,0.3930746780922059,10
3,12,4,0,335616.0,335616.0,335616.0,10
3,12,4,1,111872.0,111872.0,111872.0,10
3,12,4,2,37290.666666666664,37290.666666666664,37290.666666666664,10
3,12,4,3,12430.222222222228,12430.222222222228,12430.222222222223,10
3,12,4,4,4143.407407407407,4143.407407407407,4143.407407407408,10
3,12,4,5,1381.1358024691356,1381.1358024691356,1381.1358024691358,10
3,12,4,6,460.3786008230452,460.3786008230452,460.37860082304525,10
3,12,4,7,153.45953360768183,153.45953360768183,153.45953360768175,10
3,12,4,8,51.15317786922725,51.15317786922725,51.15317786922725,10
3,12,4,9,17.051059289742412,17.051059289742412,17.05105928974242,10
3,12,4,10,5.690104166666667,5.690104166666667,5.683686429914139,10
3,12,4,11,2.068350932377516,2.0559691937872993,1.894562143304713,10
3,12,4,12,1.0,0.9448688550205027,0.6315207144349043,10
3,12,5,0,436992.0,436992.0,436992.0,10
3,12,5,1,145664.0,145664.0,145664.0,10
3,12,5,2,48554.66666666667,48554.66666666667,48554.666666666664,10
3,12,5,3,16184.888888888887,16184.888888888887,16184.888888888889,10
3,12,5,4,5394.9629629629635,5394.9629629629635,5394.962962962963,10
3,12,5,5,1798.3209876543212,1798.3209876543212,1798.320987654321,10
3,12,5,6,599.440329218107,599.440329218107,599.440329218107,10
3,12,5,7,199.81344307270234,199.81344307270234,199.81344307270234,10
3,12,5,8,66.60448102423412,66.60448102423412,66.6044810242341,10
3,12,5,9,22.2014936747447,22.2014936747447,22.201493674744704,10
3,12,5,10,7.400497891581568,7.400497891581568,7.400497891581568,10
3,12,5,11,2.5110485284813855,2.5110485284813855,2.4668326305271893,10
3,12,5,12,1.0,0.9788438186897185,0.8222775435090631,10
3,12,6,0,496128.0,496128.0,496128.0,10
3,12,6,1,165376.0,165376.0,165376.0,10
3,12,6,2,55125.33333333334,55125.33333333334,55125.333333333336,10
3,12,6,3,18375.111111111106,18375.111111111106,18375.11111111111,10
3,12,6,4,6125.037037037035,6125.037037037035,6125.037037037037,10
3,12,6,5,2041.679012345679,2041.679012345679,2041.679012345679,10
3,12,6,6,680.559670781893,680.559670781893,680.559670781893,10
3,12,6,7,226.85322359396432,226.85322359396432,226.85322359396434,10
3,12,6,8,75.61774119798811,75.61774119798811,75.61774119798811,10
3,12,6,9,25.205913732662705,25.205913732662705,25.205913732662705,10
3,12,6,10,8.401971244220901,8.401971244220901,8.401971244220901,10
3,12,6,11,2.8034122738566185,2.8034122738566185,2.800657081406967,10
3,12,6,12,1.0,0.9929325842629168,0.933552360468989,10
3,12,7,0,521472.0,521472.0,521472.0,10
3,12,7,1,173824.0,173824.0,173824.0,10
3,12,7,2,57941.333333333336,57941.333333333336,57941.333333333336,10
3,12,7,3,19313.77777777778,19313.77777777778,19313.777777777777,10
3,12,7,4,6437.925925925928,6437.925925925928,6437.925925925926,10
3,12,7,5,2145.9753086419755,2145.9753086419755,2145.9753086419755,10
3,12,7,6,715.3251028806584,715.3251028806584,715.3251028806584,10
3,12,7,7,238.44170096021952,238.44170096021952,238.4417009602195,10
3,12,7,8,79.48056698673982,79.48056698673982,79.48056698673983,10
3,12,7,9,26.49352232891328,26.49352232891328,26.493522328913276,10
3,12,7,10,8.83117410963776,8.83117410963776,8.83117410963776,10
3,12,7,11,2.943774556293185,2.943774556293185,2.943724703212586,10
3,12,7,12,1.0,0.9980919438458442,0.9812415677375287,10
3,12,8,0,529392.0,529392.0,529392.0,10
3,12,8,1,176463.99999999997,176463.99999999997,176464.0,10
3,12,8,2,58821.33333333332,58821.33333333332,58821.333333333336,10
3,12,8,3,19607.111111111106,19607.111111111106,19607.11111111111,10
3,12,8,4,6535.7037037037035,6535.7037037037035,6535.7037037037035,10
3,12,8,5,2178.567901234567,2178.567901234567,2178.567901234568,10
3,12,8,6,726.1893004115227,726.1893004115227,726.1893004115226,10
3,12,8,7,242.06310013717422,242.06310013717422,242.06310013717422,10
3,12,8,8,80.68770004572474,80.68770004572474,80.68770004572474,10
3,12,8,9,26.895900015241576,26.895900015241576,26.89590001524158,10
3,12,8,10,8.965300005080527,8.965300005080527,8.965300005080527,10
3,12,8,11,2.988433335026842,2.988433335026842,2.988433335026842,10
3,12,8,12,1.0,0.9996131019649095,0.9961444450089474,10
3,12,9,0,531152.0,531152.0,531152.0,10
3,12,9,1,177050.66666666666,177050.66666666666,177050.66666666666,10
3,12,9,2,59016.88888888889,59016.88888888889,59016.88888888889,10
3,12,9,3,19672.296296296296,19672.296296296296,19672.296296296296,10
3,12,9,4,6557.432098765433,6557.432098765433,6557.432098765432,10
3,12,9,5,2185.8106995884773,2185.8106995884773,2185.8106995884773,10
3,12,9,6,728.6035665294925,728.6035665294925,728.6035665294925,10
3,12,9,7,242.86785550983083,242.86785550983083,242.86785550983083,10
3,12,9,8,80.95595183661027,80.95595183661027,80.95595183661027,10
3,12,9,9,26.985317278870088,26.985317278870088,26.98531727887009,10
3,12,9,10,8.995105759623364,8.995105759623364,8.995105759623364,10
3,12,9,11,2.9983685865411216,2.9983685865411216,2.998368586541121,10
3,12,9,12,1.0,0.9999455929232395,0.9994561955137071,10
3,12,10,0,531416.0,531416.0,531416.0,10
3,12,10,1,177138.66666666666,177138.66666666666,177138.66666666666,10
3,12,10,2,59046.22222222222,59046.22222222222,59046.22222222222,10
3,12,10,3,19682.074074074073,19682.074074074073,19682.074074074073,10
3,12,10,4,6560.691358024691,6560.691358024691,6560.691358024691,10
3,12,10,5,2186.8971193415637,2186.8971193415637,2186.8971193415637,10
3,12,10,6,728.9657064471879,728.9657064471879,728.9657064471879,10
3,12,10,7,242.9885688157293,242.9885688157293,242.9885688157293,10
3,12,10,8,80.9961896052431,80.9961896052431,80.9961896052431,10
3,12,10,9,26.99872986841437,26.99872986841437,26.99872986841437,10
3,12,10,10,8.999576622804788,8.999576622804788,8.999576622804788,10
3,12,10,11,2.9998588742682633,2.9998588742682633,2.9998588742682633,10
3,12,10,12,1.0,0.999995295609769,0.999952958089421,10
3,12,11,0,531440.0,531440.0,531440.0,10
3,12,11,1,177146.66666666666,177146.66666666666,177146.66666666666,10
3,12,11,2,59048.88888888889,59048.88888888889,59048.88888888889,10
3,12,11,3,19682.962962962964,19682.962962962964,19682.962962962964,10
3,12,11,4,6560.9876543209875,6560.9876543209875,6560.9876543209875,10
3,12,11,5,2186.9958847736625,2186.9958847736625,2186.9958847736625,10
3,12,11,6,728.9986282578875,728.9986282578875,728.9986282578875,10
3,12,11,7,242.99954275262917,242.99954275262917,242.99954275262917,10
3,12,11,8,80.99984758420972,80.99984758420972,80.99984758420972,10
3,12,11,9,26.999949194736576,26.999949194736576,26.999949194736576,10
3,12,11,10,8.999983064912193,8.999983064912193,8.999983064912191,10
3,12,11,11,2.9999943549707306,2.9999943549707306,2.9999943549707306,10
3,12,11,12,1.0,0.999999811832039,0.9999981183235769,10
3,12,12,0,531441.0,531441.0,531441.0,10
3,12,12,1,177147.0,177147.0,177147.0,10
3,12,12,2,59049.0,59049.0,59049.0,10
3,12,12,3,19683.0,19683.0,19683.0,10
3,12,12,4,6561.0,6561.0,6561.0,10
3,12,12,5,2187.0,2187.0,2187.0,10
3,12,12,6,729.0,729.0,729.0,10
3,12,12,7,243.0,243.0,243.0,10
3,12,12,8,81.0,81.0,81.0,10
3,12,12,9,27.0,27.0,27.0,10
3,12,12,10,9.0,9.0,9.0,10
3,12,12,11,3.0,3.0,3.0,10
3,12,12,12,1.0,1.0,1.0,10
3,13,0,0,8192.0,8192.0,8192.0,10
3,13,0,1,2730.6666666666665,2730.6666666666665,2730.6666666666665,10
3,13,0,2,910.2222222222224,910.2222222222224,910.2222222222222,10
3,13,0,3,303.4074074074074,303.4074074074074,303.4074074074074,10
3,13,0,4,101.13580246913575,101.13580246913575,101.1358024691358,10
3,13,0,5,33.711934156378604,33.711934156378604,33.711934156378604,10
3,13,0,6,11.237311385459536,11.237311385459536,11.237311385459533,10
3,13,0,7,3.855421686746988,3.8198265410799217,3.7457704618198444,10
3,13,0,8,1.7624405671134442,1.6871241453167476,1.2485901539399482,10
3,13,0,9,1.2045110349796357,1.0154448769120163,0.4161967179799827,10
3,13,0,10,1.0670973960843573,0.6377578824445309,0.1387322393266609,10
3,13,0,11,1.0186267439257914,0.328403801979563,0.046244079775553636,10
3,13,0,12,1.0091901347722176,0.1355306325369475,0.015414693258517879,10
3,13,0,13,1.0,0.04911120823044379,0.005138231086172626,10
3,13,1,0,61440.0,61440.0,61440.0,10
3,13,1,1,20480.000000000004,20480.000000000004,20480.0,10
3,13,1,2,6826.666666666666,6826.666666666666,6826.666666666667,10
3,13,1,3,2275.555555555556,2275.555555555556,2275.5555555555557,10
3,13,1,4,758.5185185185186,758.5185185185186,758.5185185185185,10
3,13,1,5,252.8395061728395,252.8395061728395,252.8395061728395,10
3,13,1,6,84.27983539094647,84.27983539094647,84.2798353909465,10
3,13,1,7,28.093278463648836,28.093278463648836,28.093278463648833,10
3,13,1,8,9.364426154549609,9.364426154549609,9.364426154549612,10
3,13,1,9,3.245933337912015,3.229961255184813,3.1214753848498704,10
3,13,1,10,1.6461434588303376,1.5633587786259544,1.0404917949499568,10
3,13,1,11,1.1548872180451124,0.9341261648069792,0.34683059831665225,10
3,13,1,12,1.0476132015632353,0.5807375480285265,0.11561019943888409,10
3,13,1,13,1.0,0.2861290291032901,0.038536733146294695,10
3,13,2,0,221184.0,221184.0,221184.0,10
3,13,2,1,73728.00000000001,73728.00000000001,73728.0,10
3,13,2,2,24576.0,24576.0,24576.0,10
3,13,2,3,8192.000000000005,8192.000000000005,8192.0,10
3,13,2,4,2730.6666666666665,2730.6666666666665,2730.6666666666665,10
3,13,2,5,910.2222222222223,910.2222222222223,910.2222222222222,10
3,13,2,6,303.40740740740733,303.40740740740733,303.4074074074074,10
3,13,2,7,101.13580246913584,101.13580246913584,101.1358024691358,10
3,13,2,8,33.71193415637861,33.71193415637861,33.711934156378604,10
3,13,2,9,11.237311385459533,11.237311385459533,11.237311385459533,10
3,13,2,10,3.8923439166288323,3.891686460807601,3.7457704618198444,10
3,13,2,11,1.7176458163135349,1.6615871408492289,1.2485901539399482,10
3,13,2,12,1.16714245761415,0.9913892600393267,0.4161967179799827,10
3,13,2,13,1.0,0.6169743253726172,0.1387322393266609,10
3,13,3,0,514048.0,514048.0,514048.0,10
3,13,3,1,171349.3333333333,171349.3333333333,171349.33333333334,10
3,13,3,2,57116.44444444446,57116.44444444446,57116.444444444445,10
3,13,3,3,19038.81481481481,19038.81481481481,19038.814814814814,10
3,13,3,4,6346.271604938273,6346.271604938273,6346.271604938272,10
3,13,3,5,2115.4238683127573,2115.4238683127573,2115.4238683127573,10
3,13,3,6,705.1412894375856,705.1412894375856,705.1412894375858,10
3,13,3,7,235.04709647919523,235.04709647919523,235.04709647919523,10
3,13,3,8,78.34903215973172,78.34903215973172,78.34903215973175,10
3,13,3,9,26.116344053243914,26.116344053243914,26.116344053243918,10
3,13,3,10,8.714657227234657,8.714657227234657,8.705448017747973,10
3,13,3,11,3.06435315697263,3.06435315697263,2.9018160059159905,10
3,13,3,12,1.4180763576606352,1.3563586700693842,0.9672720019719969,10
3,13,3,13,1.0,0.8263434261596864,0.3224240006573323,10
3,13,4,0,880128.0,880128.0,880128.0,10
3,13,4,1,293376.0,293376.0,293376.0,10
3,13,4,2,97792.0,97792.0,97792.0,10
3,13,4,3,32597.33333333334,32597.33333333334,32597.333333333332,10
3,13,4,4,10865.777777777777,10865.777777777777,10865.777777777777,10
3,13,4,5,3621.9259259259247,3621.9259259259247,3621.925925925926,10
3,13,4,6,1207.3086419753085,1207.3086419753085,1207.3086419753085,10
3,13,4,7,402.43621399176936,402.43621399176936,402.43621399176953,10
3,13,4,8,134.14540466392316,134.14540466392316,134.1454046639232,10
3,13,4,9,44.715134887974386,44.715134887974386,44.71513488797439,10
3,13,4,10,14.905044962658133,14.905044962658133,14.905044962658131,10
3,13,4,11,5.001795838201797,4.9961058747930895,4.968348320886044,10
3,13,4,12,1.8672176986494342,1.8475497705802857,1.6561161069620145,10
3,13,4,13,1.0,0.9249438414792746,0.5520387023206715,10
3,13,5,0,1209600.0,1209600.0,1209600.0,10
3,13,5,1,403200.00000000006,403200.00000000006,403200.0,10
3,13,5,2,134400.0,134400.0,134400.0,10
3,13,5,3,44800.0,44800.0,44800.0,10
3,13,5,4,14933.333333333332,14933.333333333332,14933.333333333334,10
3,13,5,5,4977.777777777779,4977.777777777779,4977.777777777777,10
3,13,5,6,1659.2592592592591,1659.2592592592591,1659.2592592592594,10
3,13,5,7,553.0864197530864,553.0864197530864,553.0864197530864,10
3,13,5,8,184.36213991769546,184.36213991769546,184.3621399176955,10
3,13,5,9,61.45404663923183,61.45404663923183,61.45404663923183,10
3,13,5,10,20.484682213077274,20.484682213077274,20.484682213077274,10
3,13,5,11,6.829395534130886,6.829395534130886,6.828227404359092,10
3,13,5,12,2.3202212189754814,2.315011517641628,2.2760758014530307,10
3,13,5,13,1.0,0.969174622335581,0.7586919338176769,10
3,13,6,0,1429248.0,1429248.0,1429248.0,10
3,13,6,1,476416.0,476416.0,476416.0,10
3,13,6,2,158805.3333333333,158805.3333333333,158805.33333333334,10
3,13,6,3,52935.11111111111,52935.11111111111,52935.11111111111,10
3,13,6,4,17645.037037037036,17645.037037037036,17645.037037037036,10
3,13,6,5,5881.679012345677,5881.679012345677,5881.679012345679,10
3,13,6,6,1960.5596707818931,1960.5596707818931,1960.559670781893,10
3,13,6,7,653.5198902606309,653.5198902606309,653.519890260631,10
3,13,6,8,217.83996342021032,217.83996342021032,217.83996342021032,10
3,13,6,9,72.61332114007013,72.61332114007013,72.61332114007011,10
3,13,6,10,24.20444038002337,24.20444038002337,24.20444038002337,10
3,13,6,11,8.068146793341123,8.068146793341123,8.068146793341123,10
3,13,6,12,2.694393429309235,2.693895737748671,2.6893822644470413,10
3,13,6,13,1.0,0.9885820942752769,0.8964607548156804,10
3,13,7,0,1539072.0,1539072.0,1539072.0,10
3,13,7,1,513023.99999999994,513023.99999999994,513024.0,10
3,13,7,2,171008.00000000006,171008.00000000006,171008.0,10
3,13,7,3,57002.666666666664,57002.666666666664,57002.666666666664,10
3,13,7,4,19000.888888888887,19000.888888888887,19000.88888888889,10
3,13,7,5,6333.629629629629,6333.629629629629,6333.62962962963,10
3,13,7,6,2111.2098765432092,2111.2098765432092,2111.2098765432097,10
3,13,7,7,703.7366255144034,703.7366255144034,703.7366255144033,10
3,13,7,8,234.57887517146779,234.57887517146779,234.57887517146776,10
3,13,7,9,78.19295839048925,78.19295839048925,78.19295839048925,10
3,13,7,10,26.064319463496417,26.064319463496417,26.064319463496417,10
3,13,7,11,8.688106487832139,8.688106487832139,8.688106487832139,10
3,13,7,12,2.896149937902224,2.896035495944046,2.8960354959440466,10
3,13,7,13,1.0,0.9964229506840327,0.9653451653146822,10
3,13,8,0,1580256.0,1580256.0,1580256.0,10
3,13,8,1,526752.0,526752.0,526752.0,10
3,13,8,2,175584.0,175584.0,175584.0,10
3,13,8,3,58528.0,58528.0,58528.0,10
3,13,8,4,19509.333333333336,19509.333333333336,19509.333333333332,10
3,13,8,5,6503.11111111111,6503.11111111111,6503.111111111111,10
3,13,8,6,2167.7037037037035,2167.7037037037035,2167.703703703704,10
3,13,8,7,722.5679012345679,722.5679012345679,722.5679012345679,10
3,13,8,8,240.8559670781893,240.8559670781893,240.8559670781893,10
3,13,8,9,80.28532235939643,80.28532235939643,80.28532235939643,10
3,13,8,10,26.76177411979881,26.76177411979881,26.76177411979881,10
3,13,8,11,8.920591373266271,8.920591373266271,8.920591373266271,10
3,13,8,12,2.9735304577554236,2.9735304577554236,2.9735304577554236,10
3,13,8,13,1.0,0.99911061947658,0.9911768192518078,10
3,13,9,0,1591696.0,1591696.0,1591696.0,10
3,13,9,1,530565.3333333334,530565.3333333334,530565.3333333334,10
3,13,9,2,176855.11111111107,176855.11111111107,176855.11111111112,10
3,13,9,3,58951.703703703715,58951.703703703715,58951.7037037037,10
3,13,9,4,19650.56790123457,19650.56790123457,19650.567901234568,10
3,13,9,5,6550.189300411522,6550.189300411522,6550.189300411523,10
3,13,9,6,2183.3964334705074,2183.3964334705074,2183.3964334705074,10
3,13,9,7,727.7988111568359,727.7988111568359,727.7988111568359,10
3,13,9,8,242.59960371894527,242.59960371894527,242.59960371894527,10
3,13,9,9,80.86653457298176,80.86653457298176,80.86653457298176,10
3,13,9,10,26.95551152432725,26.95551152432725,26.955511524327253,10
3,13,9,11,8.985170508109084,8.985170508109084,8.985170508109084,10
3,13,9,12,2.9950568360363614,2.9950568360363614,2.9950568360363614,10
3,13,9,13,1.0,0.9998349831562842,0.9983522786787872,10
3,13,10,0,1593984.0,1593984.0,1593984.0,10
3,13,10,1,531328.0,531328.0,531328.0,10
3,13,10,2,177109.3333333333,177109.3333333333,177109.33333333334,10
3,13,10,3,59036.44444444443,59036.44444444443,59036.444444444445,10
3,13,10,4,19678.814814814814,19678.814814814814,19678.814814814814,10
3,13,10,5,6559.6049382716055,6559.6049382716055,6559.604938271605,10
3,13,10,6,2186.534979423868,2186.534979423868,2186.534979423868,10
3,13,10,7,728.8449931412895,728.8449931412895,728.8449931412895,10
3,13,10,8,242.94833104709647,242.94833104709647,242.94833104709647,10
3,13,10,9,80.98277701569882,80.98277701569882,80.98277701569883,10
3,13,10,10,26.99425900523294,26.99425900523294,26.99425900523294,10
3,13,10,11,8.998086335077648,8.998086335077648,8.998086335077648,10
3,13,10,12,2.999362111692549,2.999362111692549,2.999362111692549,10
3,13,10,13,1.0,0.9999787329866245,0.999787370564183,10
3,13,11,0,1594296.0,1594296.0,1594296.0,10
3,13,11,1,531432.0,531432.0,531432.0,10
3,13,11,2,177144.0,177144.0,177144.0,10
3,13,11,3,59048.0,59048.0,59048.0,10
3,13,11,4,19682.666666666668,19682.666666666668,19682.666666666668,10
3,13,11,5,6560.888888888889,6560.888888888889,6560.888888888889,10
3,13,11,6,2186.962962962963,2186.962962962963,2186.962962962963,10
3,13,11,7,728.9876543209878,728.9876543209878,728.9876543209876,10
3,13,11,8,242.99588477366254,242.99588477366254,242.99588477366254,10
3,13,11,9,80.99862825788752,80.99862825788752,80.99862825788752,10
3,13,11,10,26.999542752629175,26.999542752629175,26.99954275262917,10
3,13,11,11,8.999847584209725,8.999847584209725,8.999847584209725,10
3,13,11,12,2.999949194736575,2.999949194736575,2.999949194736575,10
3,13,11,13,1.0,0.999998306465407,0.9999830649121916,10
3,13,12,0,1594322.0,1594322.0,1594322.0,10
3,13,12,1,531440.6666666666,531440.6666666666,531440.6666666666,10
3,13,12,2,177146.88888888888,177146.88888888888,177146.88888888888,10
3,13,12,3,59048.96296296296,59048.96296296296,59048.96296296296,10
3,13,12,4,19682.987654320987,19682.987654320987,19682.987654320987,10
3,13,12,5,6560.9958847736625,6560.9958847736625,6560.9958847736625,10
3,13,12,6,2186.9986282578875,2186.9986282578875,2186.9986282578875,10
3,13,12,7,728.9995427526292,728.9995427526292,728.9995427526292,10
3,13,12,8,242.99984758420973,242.99984758420973,242.99984758420973,10
3,13,12,9,80.99994919473657,80.99994919473657,80.99994919473657,10
3,13,12,10,26.99998306491219,26.99998306491219,26.999983064912193,10
3,13,12,11,8.999994354970731,8.999994354970731,8.999994354970731,10
3,13,12,12,2.999998118323577,2.999998118323577,2.999998118323577,10
3,13,12,13,1.0,0.9999999372774172,0.9999993727745257,10
3,13,13,0,1594323.0,1594323.0,1594323.0,10
3,13,13,1,531441.0,531441.0,531441.0,10
3,13,13,2,177147.0,177147.0,177147.0,10
3,13,13,3,59049.0,59049.0,59049.0,10
3,13,13,4,19683.0,19683.0,19683.0,10
3,13,13,5,6561.0,6561.0,6561.0,10
3,13,13,6,2187.0,2187.0,2187.0,10
3,13,13,7,729.0,729.0,729.0,10
3,13,13,8,243.0,243.0,243.0,10
3,13,13,9,81.0,81.0,81.0,10
3,13,13,10,27.0,27.0,27.0,10
3,13,13,11,9.0,9.0,9.0,10
3,13,13,12,3.0,3.0,3.0,10
3,13,13,13,1.0,1.0,1.0,10
3,14,0,0,16384.0,16384.0,16384.0,10
3,14,0,1,5461.333333333333,5461.333333333333,5461.333333333333,10
3,14,0,2,1820.4444444444443,1820.4444444444443,1820.4444444444443,10
3,14,0,3,606.8148148148149,606.8148148148149,606.8148148148148,10
3,14,0,4,202.2716049382716,202.2716049382716,202.2716049382716,10
3,14,0,5,67.4238683127572,67.4238683127572,67.42386831275721,10
3,14,0,6,22.47462277091907,22.47462277091907,22.474622770919066,10
3,14,0,7,7.491540923639689,7.491540923639689,7.491540923639689,10
3,14,0,8,2.7047461824184897,2.68150572831424,2.4971803078798964,10
3,14,0,9,1.455747376651532,1.3601082508031646,0.8323934359599654,10
3,14,0,10,1.1597896182406364,0.8810023122008926,0.2774644786533218,10
3,14,0,11,1.0428826947925884,0.514831573655103,0.09248815955110727,10
3,14,0,12,1.0151428783860814,0.24210291442613602,0.030829386517035758,10
3,14,0,13,1.003773954810567,0.09409456664754222,0.010276462172345253,10
3,14,0,14,1.0,0.03323040103033714,0.0034254873907817508,10
3,14,1,0,131072.0,131072.0,131072.0,10
3,14,1,1,43690.666666666664,43690.666666666664,43690.666666666664,10
3,14,1,2,14563.555555555555,14563.555555555555,14563.555555555555,10
3,14,1,3,4854.518518518519,4854.518518518519,4854.518518518518,10
3,14,1,4,1618.1728395061727,1618.1728395061727,1618.1728395061727,10
3,14,1,5,539.3909465020578,539.3909465020578,539.3909465020577,10
3,14,1,6,179.79698216735252,179.79698216735252,179.79698216735252,10
3,14,1,7,59.932327389117525,59.932327389117525,59.93232738911751,10
3,14,1,8,19.977442463039164,19.977442463039164,19.97744246303917,10
3,14,1,9,6.661685852964347,6.661550424631147,6.659147487679723,10
3,14,1,10,2.464546941691894,2.443267183882549,2.2197158292265744,10
3,14,1,11,1.3971132948112428,1.290910971147738,0.7399052764088582,10
3,14,1,12,1.112680647614908,0.8252443994482085,0.24663509213628607,10
3,14,1,13,1.0248070355404881,0.47765876071545316,0.08221169737876202,10
3,14,1,14,1.0,0.21982294016201276,0.027403899126254006,10
3,14,2,0,503808.0,503808.0,503808.0,10
3,14,2,1,167935.99999999997,167935.99999999997,167936.0,10
3,14,2,2,55978.666666666664,55978.666666666664,55978.666666666664,10
3,14,2,3,18659.555555555566,18659.555555555566,18659.555555555555,10
3,14,2,4,6219.851851851851,6219.851851851851,6219.851851851852,10
3,14,2,5,2073.2839506172836,2073.2839506172836,2073.283950617284,10
3,14,2,6,691.0946502057616,691.0946502057616,691.0946502057614,10
3,14,2,7,230.36488340192054,230.36488340192054,230.36488340192045,10
3,14,2,8,76.78829446730681,76.78829446730681,76.78829446730681,10
3,14,2,9,25.59609815576894,25.59609815576894,25.59609815576894,10
3,14,2,10,8.563269968181446,8.548362466531607,8.532032718589646,10
3,14,2,11,2.9170816214037907,2.9115336627008874,2.844010906196549,10
3,14,2,12,1.4913976613432491,1.4238609646434202,0.9480036353988496,10
3,14,2,13,1.1199063188121268,0.8901086611427096,0.3160012117996165,10
3,14,2,14,1.0,0.5407265949222522,0.10533373726653884,10
3,14,3,0,1249280.0,1249280.0,1249280.0,10
3,14,3,1,416426.6666666667,416426.6666666667,416426.6666666667,10
3,14,3,2,138808.88888888888,138808.88888888888,138808.88888888888,10
3,14,3,3,46269.62962962962,46269.62962962962,46269.62962962963,10
3,14,3,4,15423.209876543215,15423.209876543215,15423.20987654321,10
3,14,3,5,5141.069958847736,5141.069958847736,5141.069958847736,10
3,14,3,6,1713.6899862825785,1713.6899862825785,1713.689986282579,10
3,14,3,7,571.2299954275263,571.2299954275263,571.2299954275263,10
3,14,3,8,190.4099984758421,190.4099984758421,190.4099984758421,10
3,14,3,9,63.469999491947355,63.469999491947355,63.46999949194736,10
3,14,3,10,21.15666649731579,21.15666649731579,21.15666649731579,10
3,14,3,11,7.076004975315999,7.075748479253276,7.05222216577193,10
3,14,3,12,2.6179248050722292,2.6010496807817804,2.3507407219239767,10
3,14,3,13,1.2933481211987945,1.2198840871858563,0.7835802406413255,10
3,3,0,0,8.0,8.0,8.0,10
3,3,0,1,2.7586206896551726,2.666666666666667,2.6666666666666665,10
3,3,0,2,1.3559322033898304,1.2903225806451613,0.8888888888888888,10
3,3,0,3,1.0,0.8080808080808081,0.2962962962962963,10
3,3,1,0,20.0,20.0,20.0,10
3,3,1,1,6.666666666666666,6.666666666666666,6.666666666666667,10
3,3,1,2,2.3255813953488373,2.2988505747126435,2.2222222222222223,10
3,3,1,3,1.0,0.966183574879227,0.7407407407407407,10
3,3,2,0,26.0,26.0,26.0,10
3,3,2,1,8.666666666666666,8.666666666666666,8.666666666666666,10
3,3,2,2,2.888888888888889,2.888888888888889,2.888888888888889,10
3,3,2,3,1.0,0.9961685823754789,0.9629629629629629,10
3,3,3,0,27.0,27.0,27.0,10
3,3,3,1,9.0,9.0,9.0,10
3,3,3,2,3.0,3.0,3.0,10
3,3,3,3,1.0,1.0,1.0,10
3,4,0,0,16.0,16.0,16.0,10
3,4,0,1,5.333333333333333,5.333333333333333,5.333333333333333,10
3,4,0,2,2.318840579710145,2.1621621621621623,1.7777777777777777,10
3,4,0,3,1.25,1.1347517730496453,0.5925925925925926,10
3,4,0,4,1.0,0.7111111111111111,0.19753086419753085,10
3,4,1,0,48.0,48.0,48.0,10
3,4,1,1,16.0,16.0,16.0,10
3,4,1,2,5.333333333333333,5.333333333333333,5.333333333333333,10
3,4,1,3,1.9672131147540983,1.9672131147540983,1.7777777777777777,10
3,4,1,4,1.0,0.935672514619883,0.5925925925925926,10
3,4,2,0,72.0,72.0,72.0,10
3,4,2,1,24.0,24.0,24.0,10
3,4,2,2,8.0,8.0,8.0,10
3,4,2,3,2.6865671641791042,2.676579925650558,2.6666666666666665,10
3,4,2,4,1.0,0.9876543209876543,0.8888888888888888,10
3,4,3,0,80.0,80.0,80.0,10
3,4,3,1,26.666666666666664,26.666666666666664,26.666666666666668,10
3,4,3,2,8.88888888888889,8.88888888888889,8.88888888888889,10
3,4,3,3,2.962962962962963,2.962962962962963,2.962962962962963,10
3,4,3,4,1.0,0.9987515605493134,0.9876543209876543,10
3,4,4,0,81.0,81.0,81.0,10
3,4,4,1,27.0,27.0,27.0,10
3,4,4,2,9.0,9.0,9.0,10
3,4,4,3,3.0,3.0,3.0,10
3,4,4,4,1.0,1.0,1.0,10
3,5,0,0,32.0,32.0,32.0,10
3,5,0,1,10.666666666666666,10.666666666666666,10.666666666666666,10
3,5,0,2,3.5555555555555554,3.5555555555555554,3.5555555555555554,10
3,5,0,3,1.693121693121693,1.5841584158415842,1.1851851851851851,10
3,5,0,4,1.1228070175438596,0.9523809523809524,0.3950617283950617,10
